Classificação Receita;Valor da Receita Tributária;Percentual do PIB
Alta;30110794.6072;0.32511412370000004
Baixa;86217558.30495515;0.020689017109144444
